Code #,Name,God,Rarity,Tags,Role,Cost,Priority,Simplified Description,Card Description,WIP Status,Implemented,Column 1,Column 2
FND-AB-001,Scrap,Anvi [Scrap/Tokens],Uncommon,Utility,Basic,0,,,"As an additional cost to play this card, discard a card from your hand. Create Scrap equal to that card's mana cost.",Official,Yes,,
FND-AB-002,Cracked Shield,Anvi [Scrap/Tokens],Common,Defensive,Basic,1,,,Defend 29%. Create a Scrap.,In progress,,,
FND-AB-003,Scrappy Blow,Anvi [Scrap/Tokens],Uncommon,Attack,Forward,2,,,"As an additional cost to play this card, discard a token card from your hand. 125% Attack. If you have 50% HP or less, 175% Attack instead.",In progress,,,
FND-AB-004,Reusable Hilt,Anvi [Scrap/Tokens],Uncommon,Attack,Forward,1,,,Attack 42%. Create a Scrap. ,In progress,,,
FND-AB-005,Junkshot,Anvi [Scrap/Tokens],Rare,Attack,Forward,1,,,"As an additional cost to play this card, discard a token card. Inflict 8 direct damage to opponent Fae.",In progress,,,
FND-AB-006,Throwaway Shield,Anvi [Scrap/Tokens],Uncommon,Defensive,Guard,2,,,"As an additional cost to play this card, discard any number of token cards from you hand. Gain Veil equal to 5 times that amount.",In progress,,,
FND-AB-007,Longsword Blueprint,Anvi [Scrap/Tokens],Uncommon,Utility,Point,2,,,Forge a Longsword (0/3).,Experimental,,,
FND-AB-008,Junkyard Deal,Anvi [Scrap/Tokens],Uncommon,Utility,Point,3,,,Create 10 Scrap in all ally Fae decks.,In progress,,,
FND-AB-009,Search for Scrap,Anvi [Scrap/Tokens],Uncommon,Utility,Point,2,,,Roll a d8 dice. Shuffle that many Scrap in all ally Fae decks. ,,,,
FND-AU-001,Hammer Head,Anvi [Scrap/Tokens],Uncommon,Attack,Ignetor,2,,,"As an additional cost to play this card, discard a token card and consume 1 Heat. Attack 140%.",Official,Yes,,
FND-AU-002,Heat Pump,Anvi [Scrap/Tokens],Uncommon,Attack,Ignetor,0,,,20% Attack. Gain 2 Heat. Inflict 1 Burn.,Official,Yes,,
FND-AU-003,Treatz,Anvi [Scrap/Tokens],Uncommon,Utility,Ignetor,2,,,"As an additional cost to play this card, discard any amount of token cards. Gain 1 Heat per card discarded. Gain Regen equal to the amount of Heat you have. Gain 1 mp.",Official,Yes,,
FND-AU-004,Double Bite,Anvi [Scrap/Tokens],Uncommon,Attack,Ignetor,2,,,50% Attack twice. Inflict 1 Burn per damaging hit.,Official,Yes,,
FND-AU-005,Molten Bubble,Anvi [Scrap/Tokens],Uncommon,Attack,Ignetor,1,,,"As an additional cost to play this card, discard a token card. Inflict (35% ATK) unblockable damage to the opponent Fae. Inflict 2 Burn",Official,Yes,,
FND-AU-006,Land Dive,Anvi [Scrap/Tokens],Rare,Defensive,Ignetor,1,,,"As an additional cost to play this card, consume 1 Heat. Prevent the next instance of damage this Fae would take. On your next turn, instead of taking an action, 60% Attack instead.",Official,No,,
FND-AU-007,Mechanical Ravage,Anvi [Scrap/Tokens],Rare,Utility,Ignetor,3,,,"You may only play this card if the opponent Fae has 50% HP or less. 50% Attack, then inflict 1 Burn per damaging hit. Repeat this as long as you have Heat. Gain 1 mp.",In progress,Updated,,
FND-AU-008,Combustfang,Anvi [Scrap/Tokens],Rare,Offensive,Ignetor,1,,,You may only play this card if this Fae has 4 or more Heat. Attack 85%. Inflict 5 Burn. ,In progress,Updated,,
FND-AU-009,Blood in the Tremors,Anvi [Scrap/Tokens],Epic,Offensive,Ignetor,5,,,"Attack 200%. If the opponent Fae has 30% HP or less, Execute them.",In progress,Updated,,
FND-AU-010,Lava Soaked,Anvi [Scrap/Tokens],Epic,Offensive,Ignetor,1,,,Become Overheated for the rest of the game. Ignore any Heat requirements on other cards.,In progress,Updated,,
FND-AU-011,Armguards,Anvi [Scrap/Tokens],Uncommon,Defensive,Junkguard,2,,,"As an additional cost to play this card, discard 2 token cards. 200% Defend. Shuffle a Scrap into all ally Fae decks.",In progress,,,
FND-AU-012,Re Boot,Anvi [Scrap/Tokens],Uncommon,Offensive,Junkguard,2,,,"10% Attack. If Tagged, swap out the opponent Fae. ",In progress,,,
FND-AU-013,Command: Build Shields,Anvi [Scrap/Tokens],Uncommon,Utility,Junkguard,1,,,"Shuffle 10 ""Block"" cards into your deck. They are token cards in addition to their other types.",In progress,,,
FND-AU-014,Built to Last,Anvi [Scrap/Tokens],Uncommon,Utility,Junkguard,0,,,"For the rest of the game, whenever Junkguard discard a token card, 5% Defend.",In progress,,,
FND-AU-015,Friend,Anvi [Scrap/Tokens],Uncommon,Defensive,Junkguard,2,,,"20% Defend. If Tagged, next round, if your active Fae is not a Machine, heal them equal to the amount of Block discarded this round.",In progress,,,
FND-AU-016,Power Down,Anvi [Scrap/Tokens],Rare,Defensive,Junkguard,3,,,Discard your hand and lose all heat. Heal 10% of your HP per card discarded. (20% per heat consumed) Defend.,In progress,,,
FND-AU-017,01101110 01101111,Anvi [Scrap/Tokens],Rare,Offensive,Junkguard,3,,,"As an additional cost to play this card, discard 2 token cards. Nullify the card the opponent plays this round. 100% Attack.",In progress,,,
FND-AU-018,Eroding Armor,Anvi [Scrap/Tokens],Rare,Defensive,Junkguard,1,,,Lose 20% of your HP. 200% Defend. Shuffle 2 Scrap into all ally Fae decks.,In progress,,,
FND-AU-019,Built to Protect,Anvi [Scrap/Tokens],Epic,Defensive,Junkguard,3,,,"As an additional cost to play this card, discard 2 token cards. 1000% Defend. Swap to another Fae, they gain Block equal to the amount Junkguard had before swapping. Then, execute Junkguard.",In progress,,,
FND-AU-020,Breaking Point,Anvi [Scrap/Tokens],Epic,Utility,Junkguard,0,,,"For the rest of the round, whenever Junkguard's Block is consumed, the opponent Fae takes that much damage. ",In progress,,,
FND-AU-021,The Cycle,Anvi [Scrap/Tokens],Uncommon,Utility,Lil' Furnace,0,,,"Discard any number of token cards. Then, create that many Scrap in all ally Fae decks and draw that many cards.",,,,
FND-AU-022,Vomit Ingots,Anvi [Scrap/Tokens],Uncommon,Utility,Lil' Furnace,0,,,"If you've discarded 5 or more Scrap this game, create 5 Gold in ally Fae decks.",,,,
FND-AU-023,Blasting Furnace,Anvi [Scrap/Tokens],Uncommon,Offensive,Lil' Furnace,1,,,"As an additional cost to play this card, discard any token card. All ally Faes gain Attack Up 1. 45% Attack.",,,,
FND-AU-024,Refractory Lining,Anvi [Scrap/Tokens],Uncommon,Defensive,Lil' Furnace,1,,,"As an additional cost to play this card, discard any token card. All ally Faes gain Defense Up 1. 45% Defend.",,,,
FND-AU-025,Stack Skimming,Anvi [Scrap/Tokens],Uncommon,Utility,Lil' Furnace,0,,,Create 2 Scrap. Clear the next positive effect Lil' Furnace gains.,,,,
FND-AU-026,Hot Blast,Anvi [Scrap/Tokens],Rare,Offensive,Lil' Furnace,3,,,"If you've discarded Scrap this round, create a Gold and gain 1 mp. 95% Attack",,,,
FND-AU-027,Preheating,Anvi [Scrap/Tokens],Rare,Utility,Lil' Furnace,0,,,"This card may only be played if it's the first card played this round. You may no longer switch out this round. If you were to gain Attack Up or Defense Up, they gain that much +1 instead. ",,,,
FND-AU-028,Reverbratory Furnace,Anvi [Scrap/Tokens],Rare,Offensive,Lil' Furnace,2,,,"As an additional cost to play this card, discard any token card. All opponent Faes gain Defense Down 2. ",,,,
FND-AU-029,Smelt Down,Anvi [Scrap/Tokens],Epic,Defence,Lil' Furnace,3,,,"Discard your hand. For each card discarded, create that many Scrap in all ally Fae decks. (10% per scrap in ally decks) Attack. ",,,,
FND-AU-030,Scrap Hunter,Anvi [Scrap/Tokens],Epic,Utility,Lil' Furnace,2,,,"For the rest of the game, whenever Lil' Furnace draws a Scrap card, draw another card. ",,,,
,Lost Shield Blueprint,Anvi [Scrap/Tokens],Rare,Defensive,Guard,3,,,"If you've discarded 5 or more Scrap this game, gain Defense Up 4.",In progress,,,
,Evasive Maneuver,Anvi [Scrap/Tokens],,Defensive,Forward,3,,,Banish your graveyard. (50% + 8% per card banished) Defend.,Experimental,No,,
,Ignition,Anvi [Scrap/Tokens],,Utility,Forward,2,,,(30% + 15% per card discarded this round) Defend.,Experimental,No,,
,Scrap Shot,Anvi [Scrap/Tokens],,Offensive,Forward,2,,,Banish 4. 150% Attack.,Experimental,No,,
,Conservation,Anvi [Scrap/Tokens],,Utility,Guard,1,,,Return 3 cards from your graveyard to your deck.,Experimental,No,,
,Cooling Off,Anvi [Scrap/Tokens],,Defensive,Guard,2,,,"If you have 20+ cards in your graveyard, 150% Defend.",Experimental,No,,
,Burn Up,Anvi [Scrap/Tokens],,Offensive,Point,3,,,Mill 5. 70% Attack.,Experimental,No,,
,Flame Hot!,Anvi [Scrap/Tokens],,Offensive,Guard,0,,,Mill 1. Banish 1. 25% Attack.,Experimental,No,,
,Heat Shield,Anvi [Scrap/Tokens],,Defensive,Point,2,,,Mill 2. 70% Defend.,Experimental,No,,
,Overheat,Anvi [Scrap/Tokens],,Utility,Point,0,,,Discard 2 now and at the start of next round. Gain 2 MP.,Experimental,No,,
EXPERIMENTAL,So Long Gay Bowser,Default,?????,Attack,Point,9,,,Execute the opponent Fae.,Experimental,,,
FND-DB-001,Strike,Default,Common,Attack,Basic,2,0,Deal (100% ATK) damage.,Deal (100% ATK) damage.,V4 Updated,Yes,,
FND-DB-002,Block,Default,Common,"Defence, Self-Target",Basic,2,1,Gain (100% DEF) block.,Gain (100% DEF) block.,V4 Updated,Yes,,
FND-DB-003,Light Strike,Default,Common,Attack,Basic,1,0,Deal (50% ATK) damage.,Deal (50% ATK) damage.,V4 Updated,Yes,,
FND-DB-004,Light Block,Default,Common,"Defence, Self-Target",Basic,1,1,Gain (50% DEF) block.,Gain (50% DEF) block.,V4 Updated,Yes,,
FND-DB-005,Store Power,Default,Epic,"Utility, Self-Target",Basic,0,0,Next turn start: Gain 1 mp.,Next turn start: Gain 1 mp.,V4 Updated,Yes,,
FND-DB-006,Stock Up,Default,Common,"Utility, Self-Target",Basic,2,0,Next turn start: Draw 2.,Next turn start: draw 2.,V4 Updated,Yes,,
FND-DB-007,Meditate,Default,Uncommon,"Utility, Self-Target",Basic,4,0,Gain 1 additional MP per turn for the rest of the game. ,Gain 1 additional MP per turn for the rest of the game. ,V4 Updated,Yes,,
FND-DB-008,Last Chance,Default,Rare,"Utility, Self-Target",Basic,1,0,Take (300% Opponent ATK) damage. Draw 5 and gain 3 MP.,Take (300% Opponent ATK). Draw 5 and gain 3 MP.,V4 Updated,Yes,,
FND-DB-009,Speed Up,Default,Common,"Utility, Self-Target",Basic,0,0,Your next played card goes first.,Your next played card gains an increased level of priority.,V4 Updated,Yes,,
FND-DB-010,Sneak Attack,Default,Rare,Attack,Basic,1,0,"Swap to another Fae, they deal (45% ATK) damage.","Swap to another Fae, they deal (45% ATK) damage.",V4 Updated,Yes,,
FND-DB-011,Shield Slap,Default,Common,Attack,Basic,2,0,Deal (50% ATK) damage. Gain (50% DEF) block.,Deal (50% ATK) damage. Gain (50% DEF) block.,V4 Updated,Yes,,
FND-DB-012,Follow Up,Default,Uncommon,Attack,Basic,2,0,"Deal (75% ATK) damage. If this fae swapped in this turn, deal (150% ATK) damage instead.","Deal (75% ATK) damage. If this fae swapped in this turn, deal (150% ATK) damage instead.",V4 Updated,Yes,,
FND-DB-013,Last Stand,Default,Epic,Attack,Basic,0,0,"When you play this card, your faes can no longer play other cards for the rest of the turn. Deal (100% ATK) damage.","When you play this card, your faes can no longer play other cards for the rest of the turn. Deal (100% ATK) damage.",V4 Updated,Yes,,
FND-DB-014,Cleave,Default,Uncommon,Attack,Basic,2,0,Deal (40% ATK) damage. Deal (30% ATK) damage to their shelved faes.,Deal (40% ATK) damage. Deal (30% ATK) damage to their shelved faes.,V4 Updated,Yes,,
FND-DB-015,Quick Strike,Default,Uncommon,Attack,Basic,1,1,Deal (35% ATK) damage.,Deal (35% ATK) damage.,V4 Updated,Yes,,
FND-DB-016,Endless Blows,Default,Epic,Attack,Basic,2,0,"Shuffle 3 Endless Blows into your deck. Deal (50% ATK) damage, plus (10% ATK) for each Endless Blows played this game","Shuffle 3 ""Endless Blows"" into your deck. Deal (50% ATK) damage, plus an additional (10% ATK) damage for each Endless Blows played this game",V4 Updated,Yes,,
FND-DB-017,Piercing Strike,Default,Uncommon,Attack,Basic,2,0,Deal (75% ATK) damage. This damage is doubled against block.,Deal (75% ATK) damage. This damage is doubled against block.,V4 Updated,Yes,,
FND-DB-018,Prime,Default,Rare,"Utility, Self-Target",Basic,1,0,Gain Regen 3. Gain 1 MP.,Gain Regen 3. Gain 1 MP.,V4 Updated,Yes,,
FND-DB-019,Rejuvenate,Default,Rare,"Defence, Self-Target",Basic,3,1,Gain (150% DEF) block. Gain Regen 15.,Gain (150% DEF) block. Gain Regen 15.,V4 Updated,Yes,,
FND-DB-020,Recalibrate,Default,Uncommon,"Defence, Self-Target",Basic,2,1,"Gain (30% DEF) block. If Regenerating, draw 2.","Gain (30% DEF) block. If Regenerating, draw 2.",V4 Updated,Yes,,
FND-DB-021,Heal,Default,Common,"Utility, Self-Target",Basic,1,0,Heal target shelved Fae for (35% DEF),Heal target shelved Fae for (35% DEF),V4 Updated,Yes,,
FND-DB-022,Rinse,Default,Uncommon,Utility,Basic,3,0,Clear all enemy positive effects. Inflict Slow 1.,Clear all enemy positive effects. Apply Slow 1 to the opponent.,V4 Updated,Yes,,
FND-DB-023,Soothing Song,Default,Uncommon,"Utility, Self-Target",Basic,2,0,Clear all user negative effects. Gain Regen 3.,Clear all user negative effects. Gain Regen 3.,V4 Updated,Yes,,
FND-DB-024,Tanking,Default,Uncommon,"Defence, Self-Target",Basic,2,1,"Gain (75% DEF) block. If this fae swapped in this turn, gain (150% DEF) block instead.","Gain (75% DEF) block. If this fae swapped in this turn, gain (150% DEF) block instead.",V4 Updated,Yes,,
FND-DB-025,Recycle,Default,Rare,Utility,Basic,3,0,Both players shuffles all cards in their graveyard back into the decks of their respective Faes.,Both players shuffles all cards in their graveyard back into the decks of their respective Faes.,V4 Updated,Yes,,
FND-DB-026,Assist,Default,Rare,"Utility, Self-Target",Basic,0,0,Gain Focus 1.,Gain Focus 1.,V4 Updated,Yes,,
FND-DB-027,Bolster,Default,Rare,"Utility, Self-Target",Basic,1,0,"Gain Focus 1. If Focused, gain Focus 3 instead. ","Gain Focus 1. If Focused, gain Focus 3 instead. ",V4 Updated,Yes,,
FND-DB-028,Hinder,Default,Rare,Utility,Basic,0,0,Inflict Fatigue 1.,Apply Fatigue 1 to opponent.,V4 Updated,Yes,,
FND-DB-029,Cripple,Default,Rare,Utility,Basic,1,0,"Inflict Fatigue 1. If they're already Fatigued, inflict Fatigue 3 instead.","Apply Fatigue 1 to opponent. If they're Fatigued, apply Fatigue 3 instead.",V4 Updated,Yes,,
FND-DB-030,Attack Up,Default,Uncommon,"Utility, Self-Target",Basic,0,0,Gain Attack Up 1.,Gain Attack Up 1.,V4 Updated,Yes,,
FND-DB-031,Defense Up,Default,Uncommon,"Utility, Self-Target",Basic,0,0,Gain Defense Up 1.,Gain Defense Up 1.,V4 Updated,Yes,,
FND-DU-001,Stir,Default,Uncommon,"Utility, Self-Target",Slocha,1,0,"To play this card, shuffle 5 cards from your graveyard back into their respective fae's deck. Gain 1 MP and draw a card.","To play this card, shuffle 5 cards from your graveyard back into their respective fae's deck. Gain 1 MP and draw a card.",In progress,Updated,,
FND-DU-002,Expresso,Default,Uncommon,Attack,Slocha,2,0,"Deal (60% ATK) damage. If this card is played with a modified cost, gain Focus 2.","Deal (60% ATK) damage. If this card is played with a modified cost, gain Focus 2.",In progress,Updated,,
FND-DU-003,Latte,Default,Uncommon,"Defence, Self-Target",Slocha,2,1,"Gain (60% DEF) block. If this card is played with a modified cost, apply Fatigue 2 to opponent.","Gain (60% DEF) block. If this card is played with a modified cost, apply Fatigue 2 to opponent.",In progress,Updated,,
FND-DU-004,Cappucino,Default,Uncommon,"Defence, Self-Target",Slocha,1,1,"Gain (40% DEF) block. If this card is played with a modified cost, draw a card.","Gain (40% DEF) block. If this card is played with a modified cost, draw a card.",In progress,Updated,,
FND-DU-005,Affogato,Default,Uncommon,Defence,Slocha,4,1,"Gain (160% DEF) block. Apply Fatigue 1 to opponent. If this card is played with a modified cost, opposing fae discards up to 2 cards of your choice and draws that many.","Gain (160% DEF) block. Apply Fatigue 1 to opponent. If this card is played with a modified cost, opposing fae discards 2 cards and draws that many cards.",In progress,Updated,,
FND-DU-006,Double Double,Default,Rare,Utility,Slocha,3,0,Double you Focus and double your opponent's Fatigue. Gain 1 MP.,Double you Focus and double your opponent's Fatigue.,In progress,Updated,,
FND-DU-007,Coffee Break,Default,Rare,Utility,Slocha,1,-1,Switch to another fae. Gain Focus 2.,Switch to another fae. Gain Focus 2.,In progress,Updated,,
FND-DU-008,Press,Default,Rare,Utility,Slocha,1,0,"Deal (10% ATK) damage for every stack of Focus and Fatigue. If this card is played with a modified cost, deal (20% ATK) damage per stack instead.","Deal (10% ATK) damage for every stack of Focus and Fatigue. If this card is played with a modified cost, deal (20% ATK) damage per stack instead.",In progress,Updated,,
FND-DU-009,Brew,Default,Epic,Utility,Slocha,1,0,"As an additional cost to play this card, exile 12 cards from your graveyard. Gain Focus 5.","As an additional cost to play this card, exile 12 cards from your graveyard. Gain Focus 5.",In progress,Updated,,
FND-DU-010,Caffeinated Overdrive,Default,Epic,Utility,Slocha,1,0,"For the rest of the turn, you do not lose Focus every time you draw a card.","For the rest of the turn, you do not lose Focus every time you draw a card.",In progress,Updated,,
FND-DU-011,Sip,Default,Uncommon,Utility,Haatea,3,,,Consume all Regen. Draw 1 card per Regen consumed. Gain 1 mp.,In progress,Updated,,
FND-DU-012,Boiling Point,Default,Uncommon,Offensive,Haatea,1,,,Consume all Regen.  (10% + 20% per Regen consumed) Attack .,In progress,Yes,,
FND-DU-013,Lavender Leech,Default,Uncommon,Offensive,Haatea,1,,,10% Attack. Gain Regen equal to damage dealt. ,In progress,Yes,,
FND-DU-014,Lemon-AId,Default,Uncommon,Defensive,Haatea,2,,,Gain Barrier 6. Gain Regen 2.,In progress,Updated,,
FND-DU-015,Trunk Shot,Default,Uncommon,Offensive,Haatea,X,,,Consume all mp. (10% per mp consumed) Attack. Gain 1 Regen per mp consumed. ,In progress,Yes,,
FND-DU-016,Steep,Default,Rare,Utility,Haatea,0,,,Gain Regen 1 per mp spent this round.,In progress,Updated,,
FND-DU-017,Barrier Absorption ,Default,Rare,Utility,Haatea,0,,,Consume all Barrier. Gain Regen per Barrier consumed. ,In progress,Updated,,
FND-DU-018,Boil,Default,Rare,Utility,Haatea,0,,,"Whenever your opponent plays a card this round, gain Regen 1. ",In progress,Updated,,
FND-DU-019,Stir,Default,Epic,Utility,Haatea,0,,,"Whenever you gain Regen this round, gain that much Regen +1 instead.",In progress,No,,
FND-DU-020,Fanning Fortification,Default,Epic,Utility,Haatea,3,,,"Double your Regen, then gain barrier equal to your Regen. Gain 1 mp.",In progress,No,,
FND-JB-001,Lucky Shot,Jacks [Aggro],Common,Attack,Basic,2,0,"Roll a die. Deal (90% ATK) damage. If you rolled a 4, 5, or 6, deal (125% ATK) damage instead.","Roll a d6. Deal (90% ATK) damage. if you rolled a 4, 5 or a 6, 125% Attack instead.",V4 Updated,Updated,,
FND-JB-002,Lottery Lick,Jacks [Aggro],Common,Attack,Basic,1,0,"Roll a die. Deal (45% ATK) damage. if you rolled a 6, draw 1.","Roll a d6. Deal (45% ATK) damage. If you rolled a 6, draw a card.",V4 Updated,Updated,,
FND-JB-003,Brass Knuckles,Jacks [Aggro],Common,"Utility, Self-Target",Basic,0,0,This fae's Attacks deal (5% ATK) more damage this turn.,This fae's Attacks gain an addition (5% ATK) damage this turn.,V4 Updated,Updated,,
FND-JB-004,Poison Dipped,Jacks [Aggro],Common,"Utility, Self-Target",Basic,1,0,"This turn, when this fae Attacks, roll a die. If you rolled a 5 or 6, inflict Poison 5.","For the rest of the turn, when this fae Attack's hit, roll a d6. If you rolled a 5 or a 6, inflict Poison 5.",V4 Updated,Updated,,
FND-JB-005,Crashout,Jacks [Aggro],Common,Attack,Basic,0,0,"If one of this fae's Attacks were fully blocked this turn, deal (25% ATK) damage.",Play this card only if this fae's Attack was fully Blocked this turn. Deal (25% ATK) damage.,In progress,Updated,,
FND-JB-006,Adrenaline Addiction,Jacks [Aggro],Common,Attack,Basic,0,0,"Draw an Attack, then discard 1 at random.","Draw an Attack card, then discard a card at random.",V4 Updated,Updated,,
FND-JB-007,Reckless Swing,Jacks [Aggro],Common,Attack,Basic,1,0,"Roll a die. Deal (60% ATK) damage. If you rolled a 1 or 2, take (20% ATK) damage. If you rolled a 6, your opponent discards 1 at random, then draws 1.","Roll a d6. Deal (60% ATK) damage. If you rolled a 1 or 2, take (20% ATK) damage. If you rolled a 6, your opponent discards a card at random, then draws a card.",V4 Updated,Updated,,
FND-JB-008,Better Not,Jacks [Aggro],Common,"Defence, Self-Target",Basic,2,1,"Gain (70% DEF) block. If your opponent Attacks this action, deal (70% ATK) damage.","Gain (70%) block. If your opponent Attacks this action, deal (70% ATK) damage.",V4 Updated,Updated,,
FND-JB-009,Functional Gambling,Jacks [Aggro],Common,"Defence, Self-Target",Basic,1,1,"Roll a die. Gain (40% DEF) block. If you rolled a 6, gain 1 mp.","Roll a d6. Gain (40% block), if you roll a 6, gain 1 MP.",V4 Updated,Updated,,
FND-JB-010,Freaky Shiv,Jacks [Aggro],Common,Attack,Basic,1,0,Inflict Fear 5. Deal (5% ATK) damage.,Apply Bleed 5. Then do (5% ATK) damage.,V4 Updated,Updated,,
FND-JB-011,DIce Defend,Jacks [Aggro],Common,"Defence, Self-Target",Basic,2,1,"Roll 2 dice. Gain (8% DEF) block, multiplied by the roll value.",Roll 2d6. Gain (8% DEF) block per number rolled.,V4 Updated,Updated,,
FND-JB-012,Dice's Fury,Jacks [Aggro],Uncommon,Attack,Basic,3,0,Roll a die. Deal (50% ATK) damage a number of times equal to the number rolled.,Roll a d6. Deal (50% ATK) damage a number of times equal to the number rolled.,V4 Updated,Updated,,
FND-JB-013,Steel Shuffler,Jacks [Aggro],Uncommon,Attack,Basic,1,0,"Deal (45% ATK) damage. If this Attack hits, shuffle it into your deck and draw 1.","Deal (45% ATK) damage. If this Attack hits, shuffle it into your deck and draw a card.",V4 Updated,Updated,,
FND-JB-014,Power Gamble,Jacks [Aggro],Uncommon,"Utility, Self-Target",Basic,0,0,"Draw 2. If neither of those cards were Attacks, discard your hand.","Draw 2. If neither of those cards were Attacks, discard your hand.",V4 Updated,Updated,,
FND-JB-015,Insurance,Jacks [Aggro],Uncommon,"Utility, Self-Target",Basic,1,0,"This turn, when your faes' Attacks are blocked, deal (15% DEF) unblockable damage.","For the rest of the turn, when your faes' Attacks are fully blocked, deal (15% DEF) unblockable damage.",V4 Updated,Updated,,
FND-JB-016,Best Offense,Jacks [Aggro],Uncommon,Attack,Basic,2,0,"Deal (90% ATK) damage. If this Attack hits, Gain (30% DEF) block.","Deal (90% ATK) damage. If this Attack hits, Gain (30% DEF) block.",V4 Updated,Updated,,
FND-JB-017,Status Roulette,Jacks [Aggro],Uncommon,Utility,Basic,1,0,"Roll a die. If you rolled a 1 or 2, inflict Poison 5. If you rolled a 3 or 4, inflict Burn 5. If you rolled a 5 or 6, inflict Fear 5.","Roll a d6. If you roll a 1 or 2, inflict Poison 5. If you roll a 3 or 4,, inflict Burn 5. If you roll a 5 or 6, inflict Fear 5.",V4 Updated,Updated,,
FND-JB-018,Step Back,Jacks [Aggro],Uncommon,"Defence, Self-Target",Basic,1,1,,"Gain (20% DEF) block. If you block an Attack this action, your next Attack deals (20% ATK) more damage. Gain 1 MP.",,Updated,,
FND-JB-019,Stack Breaker,Jacks [Aggro],Uncommon,Attack,Basic,2,0,"Deal (75% ATK) damage. If this Attack hits, the target loses half of their positive statuses.","Deal (75% ATK) damage. If this Attack hits your opponent, they lose half of all positive status stacks.",V4 Updated,Updated,,
FND-JB-020,Opening Pot,Jacks [Aggro],Rare,Attack,Basic,1,1,"Deal (10% ATK) damage. If this Attack hits, roll a die. On a 1, 2 or 3, draw 1. On a 4, 5 or 6, draw 2.","Deal (10% ATK) damage. If this Attack hits your opponent, roll a d6. On a 1, 2 or 3, draw a card. On a 4, 5 or 6, draw 2 cards.",V4 Updated,Updated,,
FND-JB-021,Call,Jacks [Aggro],Rare,Attack,Basic,1,1,,"Deal (35% ATK) damage. If your opponent played an Attack action this turn, nullify it.",,Updated,,
FND-JB-022,Streak,Jacks [Aggro],Rare,Attack,Basic,2,0,"Deal (95% ATK) damage. If the last card you played was an Attack, gain 1 MP.","Deal (95% ATK) damage. If the last card you played was an Attack, gain 1 MP.",V4 Updated,Updated,,
FND-JB-023,Up the Ante,Jacks [Aggro],Rare,"Utility, Self-Target",Basic,1,0,All damage is doubled this turn.,All damage is doubled this turn.,V4 Updated,Updated,,
FND-JB-024,Cash-Out,Jacks [Aggro],Rare,"Defence, Self-Target",Basic,0,1,Gain block equal to the amount of damage dealt to opponent faes this turn.,Gain block equal to the amount of damage dealt to opponent faes this turn.,V4 Updated,Updated,,
FND-JB-025,The Bluff,Jacks [Aggro],Epic,Utility,Basic,0,2,,"If this card is in your hand, your Attacks do an additional (20% ATK) damage. If you are hit, discard this card. When you play this card and your opponent plays an Attack this action, nullify it, otherwise discard your hand.",,Updated,,
FND-JB-026,Martin's Gale,Jacks [Aggro],Epic,Attack,Basic,1,0,"Roll a die. Deal (100% ATK) damage. If you rolled a 1, take (100% ATK) damage.","Roll a d6. Deal (100% ATK) damage. If you rolled a 1, take (100% ATK) damage.",V4 Updated,Updated,,
FND-JB-027,All-In,Jacks [Aggro],Epic,"Utility, Self-Target",,0,0,,"Play this card only if this fae has not played a card this turn. Draw 3, then discard all non-Attack cards.",,Updated,,
FND-JB-028,Toby,Jacks [Aggro],Legendary,Utility,Basic,0,1,"Both players take turns rolling dice until a 1 is rolled, starting with the opponent. When a player rolls a 1, Execute their active fae.","Both players, starting with your opponent, roll a d6. If a 1 is rolled at any point Execute that player's active fae. Repeat this process until a fae is Exectued.",V4 Updated,Updated,,
,Dice Defend,Jacks [Discard/Luck],Uncommon,Defensive,Basic,1,,,Roll two 6-sided die. (Total Number Rolled x 8)% Defend.,Official,Updated,,
,Card Replacement Therapy,Jacks [Discard/Luck],Uncommon,Utility,Basic,0,,,"Draw 3 cards, then discard 3 cards at random.",Official,Updated,,
,Diabolical Odds,Jacks [Discard/Luck],Rare,Utility,Basic,0,,,"Search your deck for any card, add it to your hand. Then discard 3 cards at random.",Official,Updated,,
,Loaded Dice,Jacks [Discard/Luck],Uncommon,Utility,Basic,0,,,Pick a number between 1-6. Your next d6 dice will land on that number.,Official,Updated,,
,Roll Off,Jacks [Discard/Luck],Rare,Utility,Basic,0,,,"Both players roll a d6 dice. The player with the higher number rolled draws 2 cards. If it's a tie, both players draw 2 cards.",Official,Updated,,
,Double Down,Jacks [Discard/Luck],Epic,Utility,Basic,X,,,"While in hand, this card becomes an exact copy of the last played dice card.",Official,Updated,,
,Lucky Shot,Jacks [Discard/Luck],Common,Offensive,Basic,2,,,"Roll a 6-sided die. On an even number, 125% Attack. On an odd number, 75% Attack.",Official,Updated,,
,Power Gamble,Jacks [Discard/Luck],Uncommon,Utility,Basic,2,,,"Draw 3 cards. Then, discard all non-attack cards. ",Official,Updated,,
,Experimental Blast,Jacks [Discard/Luck],Rare,Offensive,Basic,4,,,Reckless. Reckless. Reckless. 300% Attack. ,Official,Updated,,
,Small Bet,Jacks [Discard/Luck],Uncommon,Offensive,Basic,1,,,Roll a 6-sided die. (30% + 10% per number rolled) Attack.,Official,Updated,,
,Favoured Odds,Jacks [Discard/Luck],Uncommon,Offensive,Basic,1,,,Roll two 6-sided die. Discard cards equal to the lower number rolled. (30% x higher number rolled) Attack.,Official,Updated,,
,Strong Arm,Jacks [Discard/Luck],Uncommon,Offensive,Basic,2,,,Strongarm. 85% Attack.,Official,Updated,,
,Stronger Arm,Jacks [Discard/Luck],Uncommon,Offensive,Basic,3,,,Strongarm. 150% Attack.,Official,Updated,,
,Gloves Off,Jacks [Discard/Luck],Uncommon,Offensive,Basic,2,,,Reckless. 150% Attack.,Official,Updated,,
,Dice's Fury,Jacks [Discard/Luck],Epic,Offensive,Basic,3,,,Roll a d6. Attack 5% a number of times equal to the number rolled. Repeat this 6 times.,Official,Updated,,
,Dice Barrier ,Jacks [Discard/Luck],Uncommon,Utility,Basic,2,,,Roll two 6-sided dice. Gain that much (number rolled % x HP) Barrier.,Official,Updated,,
,Advantage,Jacks [Discard/Luck],Epic,Utility,Basic,0,,,"The next time you would roll one or more dice, instead roll that many dice plus one and ignore the lowest roll.",Official,Updated,,
,Caltrops,Jacks [Discard/Luck],Epic,Offensive,Basic,1,,,"Pitch: When you discard a card this turn, 20% Attack.",Official,Updated,,
,Lucky Investment ,Jacks [Discard/Luck],Rare,Utility,Basic,0,,,"Roll a d6 die, 1-3: draw a card, then discard a card at random, 4-6: draw a card, then your active fae draws another one next round ",V3 Updated,Updated,,
,Forecast,Jacks [Discard/Luck],Rare,Utility,Basic,2,,,"Roll a d6 die, gain Haste equal to the number rolled.",Official,Updated,,
,Take my Seat,Jacks [Discard/Luck],Uncommon,Utility,Basic,0,,,"Swap to another Fae, then shuffle 5 Dice in their deck.",Official,Updated,,
,MP Roulette,Jacks [Discard/Luck],Uncommon,Utility,Basic,3,,,"Roll a d6 dice, gain that much MP next round.",Official,Updated,,
FND-JU-001,Savage Stab,Jacks [Discard/Luck],Uncommon,Offensive,Hooliquen,1,,,Reckless. Deal (101% ATK) damage.,In progress,Updated,,
FND-JU-002,Oops!,Jacks [Discard/Luck],Uncommon,Offensive,Hooliquen,0,,,"Reckless > (100% ATK). If Reckless, Deal (44% ATK) unblockable damage.",In progress,Updated,,
FND-JU-003,Non-Pointy End,Jacks [Discard/Luck],Uncommon,Offensive,Hooliquen,1,,,"If you were Reckless this round, draw 2 cards. Deal (25% ATK) damage.",In progress,Updated,,
FND-JU-004,You're In For It Now,Jacks [Discard/Luck],Uncommon,Utility,Hooliquen,1,,,Hooliquen's next damaging move does an additional (25% ATK) damage. Strongarm. Gain 1 MP.,In progress,Updated,,
FND-JU-005,Sinister Plotting,Jacks [Discard/Luck],Rare,Offensive,Hooliquen,0,,,"Reckless: > (100% ATK). If Reckless, gain 2 MP.",In progress,Updated,,
FND-JU-006,Stack The Deck,Jacks [Discard/Luck],Rare,Utility,Hooliquen,1,,,Reckless. Hooliquen's next damaging move does an additional (50% ATK) damage. Gain 1 MP,In progress,Updated,,
FND-JU-007,Breakneck Barrage,Jacks [Discard/Luck],Rare,Offensive,Hooliquen,2,,,"Reckless: > (100% ATK). If Reckless, gain 2 MP. Deal (125% ATK) damage.",In progress,Updated,,
FND-JU-008,Battering Blow,Jacks [Discard/Luck],Rare,Utility,Hooliquen,2,,,Your next damaging move does an additional (50% ATK) damage if your opponent is Defending. Strongarm. Gain 2 mp.,In progress,Updated,,
FND-JU-009,Devious Cackle,Jacks [Discard/Luck],Epic,Utility,Hooliquen,1,,,"Reckless: > (100% ATK). If Reckless, gain 2 MP and draw 2 cards. You gain +25% on all damaging moves this turn.",In progress,Updated,,
FND-JU-010,Blackjack Beatdown,Jacks [Discard/Luck],Epic,Offensive,Hooliquen,4,,,"Reckless: > (100% ATK). If Reckless, Strongarm. Deal (200% ATK) damage.",Official,Yes,,"To play this card, discard 1 at random. If it has >100% ATK, Strongarm."
FND-JU-011,Snake Eyes,Jacks [Discard/Luck],Uncommon,Utility,Snake Eyes,0,,,The next 2 dice rolled will land on 1. ,Official,Updated,,
FND-JU-012,Ready to Roll,Jacks [Discard/Luck],Uncommon,Utility,Snake Eyes,1,,,Create 3 Dice in every ally Fae deck. ,Official,Updated,,
FND-JU-013,Snake Bite,Jacks [Discard/Luck],Uncommon,Offensive,Snake Eyes,2,,,75% Attack. Inflict 4 Poison.,Official,Updated,,
FND-JU-014,Insurance,Jacks [Discard/Luck],Uncommon,Utility,Snake Eyes,1,,,"Whenever you roll a 1 this round, create 1 Dice in every ally Fae deck. Gain 1 mp.",Official,Updated,,
FND-JU-015,Buy-In,Jacks [Discard/Luck],Uncommon,Utility,Snake Eyes,1,,,"Discard any number of cards, then create that many Dice in your deck.",Official,Updated,,
FND-JU-016,Rolldown,Jacks [Discard/Luck],Rare,Offensive,Snake Eyes,3,,,"Discard any number of cards, then roll that many d6 dice. (Total # rolled x 10%) Attack. If at least one 1 is rolled, gain 2 mp.",Official,Updated,,
FND-JU-017,Cash-Out,Jacks [Discard/Luck],Rare,Utility,Snake Eyes,3,,,"Discard any number of token cards, roll that many d6 dice, then gain Knowledge equal to the total number rolled.",Official,Updated,,
FND-JU-018,Rollout Roulette,Jacks [Discard/Luck],Rare,Offensive,Snake Eyes,2,,,"Reckless: Dice. If Reckless, Inflict 5 Poison. (10% + 20% per opponent poison stack) Attack.",Official,Updated,,
FND-JU-019,Aces in the Hole,Jacks [Discard/Luck],Epic,Offensive,Snake Eyes,3,,,"Roll 5 d6 dice. 1: inflict 3 Poison to opponent Fae. 2-4: (10 x number rolled)% Attack, 5: 50% Defend, 6: create 1 Dice in every ally Fae deck. ",Official,Updated,,
FND-JU-020,Shed & Split,Jacks [Discard/Luck],Epic,Utility,Snake Eyes,1,,,"As an additional cost to play this card, discard a Dice card. Remove all negative effects, then swap to an ally Fae. Gain 1 Knowledge and 1 mp.",Official,Updated,,
,Wheel of Riches and Scarcity,Jacks [Discard/Luck],,Utility,Basic,2,,,Roll a 10-sided die. 1-5: Target player discards random cards equal to half the number rolled rounded down. 6-10: Target player draws cards equal to half the number rolled rounded down.,Needs Work,No,,
,Capsize,Mise [?],,Offensive,Guard,2,,,Shuffle 3 Flotsam into your deck. 85% Attack.,,No,,
FND-MB-001,Hook,Mise [Mill],Common,"Utility, Self-Target",Basic,1,,,Mill 4.,V4 Updated,,,
FND-MB-002,Line,Mise [Mill],Common,"Utility, Self-Target",Basic,2,,,Dredge. 60% Defend.,Needs Work,,,
FND-MB-003,Sinker,Mise [Mill],Common,Utility,Basic,1,,,The opposing Fae Mills 4.,V4 Updated,,,
FND-MB-004,Washed Ashore,Mise [Mill],Epic,Utility,Basic,1,,,Dredge.,Needs Work,No,,
FND-MB-005,,Mise [Mill],,Attack,Basic,2,,,80% Attack. Increase this by +1% for every card in the graveyard.,,,,
FND-MB-006,,Mise [Mill],,"Utility, Self-Target",Basic,2,,,Dredge twice. Salvage: Dredge three times.,,,,
FND-MB-007,,Mise [Mill],,Attack,Basic,2,,,"Dredge. 35% Attack. If you Dredged a 0-cost card, 70% Attack instead.",,,,
FND-MB-008,,Mise [Mill],,,Basic,2,,,40% Attack. 40% Defend. Increase this by +10% for each card that entered the graveyard this round.,,,,
FND-MB-009,,Mise [Mill],,,Basic,,,,,,,,
FND-MB-010,Capsize,Mise [Mill],,"Defence, Self-Target",Basic,2,,,Shuffle 3 Flotsam into your Faes' decks. 85% Defend.,,,,
FND-MB-011,Ripcurrent,Mise [Mill],,"Defence, Self-Target",Basic,3,,,"Dredge twice. For each Salvage card you drew, 75% Defend.",,,,
FND-MB-012,Drench,Mise [Mill],,Utility,Basic,2,,,Mill 4. Inflict 2 Slow.,,,,
FND-MB-013,Rainstorm,Mise [Mill],,Defence,Basic,2,,,All Fae Mill 2. 20% Defend.,,,,
FND-MB-014,Storm Surge,Mise [Mill],,Attack,Basic,2,,,60% Attack. Inflict Riptide 2.,,,,
FND-MB-015,Splash,Mise [Mill],,Utility,Basic,1,,,Mill 3. The opposing Fae Mills 3.,New Idea,No,,
FND-MB-016,Fervent Splash,Mise [Mill],,"Defence, Self-Target",Basic,3,,,Mill 4. Your active Fae Mills 4 next round start. 80% Defend.,New Idea,No,,
FND-MB-017,Blockade,Mise [Mill],,"Defence, Self-Target",Basic,2,,,75% Defend. Mill 3.,,No,,
FND-MB-018,Jettison,Mise [Mill],,"Utility, Self-Target",Basic,2,,,Mill 10.,,No,,
FND-MB-019,Waterlog,Mise [Mill],,Attack,Basic,2,,,65% Attack. Pitch: Mill 5.,New Idea,No,,
FND-MB-020,Abyssal Call,Mise [Mill],,"Utility, Self-Target",Basic,1,,,"Next round start, shuffle 3 Flotsam into the active Fae's deck and Dredge.",New Idea,No,,
FND-MB-021,Casting Line...,Mise [Mill],,,Basic,1,,,"Pitch: Dredge, 40% Attack.",,No,,
FND-MB-022,,Mise [Mill],,,Basic,3,,,"Pitch: Until you switch out, deal 1 damage every time you banish a card.",Needs Work,No,,
FND-MB-023,Whirlpool,Mise [Mill],,,Basic,2,,,Inflict 2 Riptide. Mill 3.,,No,,
FND-MB-024,Undertow,Mise [Mill],,,Basic,1,,,"50% Attack. Salvage: 100% Attack, then exile this card.",,No,,
FND-MB-025,Ocean Rage,Mise [Mill],,,Basic,2,,,90% Defend. Salvage: 100% Attack and Mill 2 instead.,,No,,
FND-MB-026,Tidal Echo,Mise [Mill],,,Basic,1,,,50% Attack. Salvage: Permanently increase the damage of this card by 50%.,,No,,
FND-MB-027,,Mise [Mill],,,Basic,1,,,Draw 2. Salvage: Draw 2.,Needs Work,No,,
FND-MB-028,Choppy Seas Ahead,Mise [Mill],,,Basic,2,,,Next round start: inflict Riptide 3 to all active Faes.,,,,
FND-MB-029,Ocean's Curse,Mise [Mill],,,Basic,2,,,Pitch: Mill 4. Salvage: Inflict 3 Riptide.,,,,
FND-MT-001,Flotsam,Mise [Mill],,Utility,Token,0,,,Draw 1. Salvage: Draw 1. Gain 1 Mana.,,No,,
FND-MT-002,Jetsam,Mise [Mill],,Utility,Token,1,,,Draw 1.,,No,,
FND-MU-001,,Mise [Mill],,,Mise Point 1,,,,,,,,
FND-MU-002,,Mise [Mill],,,Mise Point 1,,,,,,,,
FND-MU-003,,Mise [Mill],,,Mise Point 1,,,,,,,,
FND-MU-004,,Mise [Mill],,,Mise Point 1,,,,,,,,
FND-MU-005,,Mise [Mill],,,Mise Point 1,,,,,,,,
FND-MU-006,,Mise [Mill],,,Mise Point 1,,,,,,,,
FND-MU-007,,Mise [Mill],,,Mise Point 1,,,,,,,,
FND-MU-008,,Mise [Mill],,,Mise Point 1,,,,,,,,
FND-MU-009,,Mise [Mill],,,Mise Point 1,,,,,,,,
FND-MU-010,,Mise [Mill],,,Mise Point 1,,,,,,,,
FND-MU-011,,Mise [Mill],,,Mise Forward 1,,,,,,,,
FND-MU-012,,Mise [Mill],,,Mise Forward 1,,,,,,,,
FND-MU-013,,Mise [Mill],,,Mise Forward 1,,,,,,,,
FND-MU-014,,Mise [Mill],,,Mise Forward 1,,,,,,,,
FND-MU-015,,Mise [Mill],,,Mise Forward 1,,,,,,,,
FND-MU-016,,Mise [Mill],,,Mise Forward 1,,,,,,,,
FND-MU-017,,Mise [Mill],,,Mise Forward 1,,,,,,,,
FND-MU-018,,Mise [Mill],,,Mise Forward 1,,,,,,,,
FND-MU-019,,Mise [Mill],,,Mise Forward 1,,,,,,,,
FND-MU-020,,Mise [Mill],,,Mise Forward 1,,,,,,,,
FND-MU-021,Jetspray,Mise [Mill],Uncommon,Defence,Inkhor,0,1,,Gain (20% DEF) block. Create 3 Jetsam in each active Fae's deck.,V4 Updated,Updated,,
FND-MU-022,Anchor Shot,Mise [Mill],Uncommon,Attack,Inkhor,2,0,,Deal (50% ATK) damage. The opponent Fae Mills 5. Salvage: Deal (120% ATK) damage.,V4 Updated,Updated,,
FND-MU-023,Throw Overboard,Mise [Mill],Uncommon,Attack,Inkhor,2,0,,Deal (30% ATK) damage. Create 8 Jetsam in the opponent Fae's deck.,V4 Updated,Updated,,
FND-MU-024,Mooring,Mise [Mill],Uncommon,Defence,Inkhor,2,1,,Gain (75% DEF) block. Create 2 Flotsam in each active Fae's hand. Salvage: Gain (120% DEF) block.,V4 Updated,Updated,,
FND-MU-025,Inkcloud,Mise [Mill],Uncommon,Defence,Inkhor,3,1,,Gain (125% DEF) block. Create 3 Jetsam in the opponent Fae's hand.,V4 Updated,Updated,,
FND-MU-026,Uncontrolled Discharge,Mise [Mill],Rare,Utility,Inkhor,2,0,,Inflict Riptide 1. Create 6 Flotsam in each active Fae's deck. Draw 1.,V4 Updated,Updated,,
FND-MU-027,Turbulance,Mise [Mill],Rare,Attack,Inkhor,2,0,,Deal (65% ATK) damage. Create 5 Flotsam in the opponent Fae's hand.,V4 Updated,Updated,,
FND-MU-028,Counterweight Bash,Mise [Mill],Rare,Attack,Inkhor,1,0,,Deal (15% Attack) for each card in the opponent Fae's hand.,V4 Updated,Updated,,
FND-MU-029,Abyssal Dive,Mise [Mill],Epic,"Defence, Self-Target",Inkhor,3,1,,Gain (70% DEF) block. Create 12 Flotsam in your deck. Salvage: I cost 2 less. Dredge twice.,V4 Updated,Updated,,
FND-MU-030,Dead Reckoning,Mise [Mill],Epic,"Utility, Self-Target",Inkhor,6,0,,Mill your entire deck. Heal 50% missing health.,V4 Updated,Updated,,
FND-MB-030,Sea's Claim,Mise [Mill],,,Basic,2,,,Mill 1. 75% Attack. Salvage: Mill 2. 125% Attack.,New Idea,No,,
FND-MB-031,Siren's Song,Mise [Mill],,,Basic,1,,,Mill 3 now and next round start. Salvage: Draw 3 now and next round start.,New Idea,No,,
FND-MB-032,,Mise [Mill],,,Basic,2,,,Dredge three times. 35% Defend. Salvage: 135% Defend.,New Idea,No,,
FND-RB-001,Perverse Planning,Rea [Graveyard Matters],Common,"Utility, Self-Target",Basic,4,0,,"Omen. The opponent Fae cannot take the switch action this turn. If this effect is already in play, extend it for an additional turn.",,,,
FND-RB-002,Signs of Asaault,Rea [Graveyard Matters],Common,Attack,Basic,2,0,,Omen. Deal (40% ATK) damage.,,,,
FND-RB-003,Signs of Struggle,Rea [Graveyard Matters],Common,Defence,Basic,2,1,,Omen. Gain (39% DEF) block.,,,,
FND-RB-004,Cry Soft Tears,Rea [Graveyard Matters],Common,"Utility, Self-Target",Basic,3,0,,Omen. Heal (41% DEF) HP.,,,,
FND-RB-005,Never Forget,Rea [Graveyard Matters],Common,"Utility, Self-Target",Basic,1,0,,Create a copy of a card in your graveyard. Exile it once it's played.,,,,
FND-RB-006,Vengeance,Rea [Graveyard Matters],Common,Attack,Basic,3,0,,Play this card only if you've been Attacked this turn. Omen. Deal (100% ATK) damage.,,,,
FND-RB-007,Relentless Thoughts,Rea [Graveyard Matters],Common,Utility,Basic,1,0,,Omen. Opponent discards 1.,,,,
FND-RB-008,Forgive,Rea [Graveyard Matters],Common,"Utility, Self-Target",Basic,1,0,,Shuffle 3 cards from any graveyard back into their respective fae's deck.,,,,
FND-RB-009,Distant Screams,Rea [Graveyard Matters],Common,Attack,Basic,2,0,,Omen. A random opponent Fae takes (10% ATK) unblockable damage.,,,,
FND-RB-010,Due Dilligence,Rea [Graveyard Matters],Common,Defence,Basic,2,1,,Gain (30% DEF) block for each card placed into a graveyard this turn.,,,,
FND-RB-011,Fear of Inaction,Rea [Graveyard Matters],Common,Utility,Basic,2,0,,Omen. Your opponent faes take (10% Opponent Max Health) if they skip this turn.,,,,
FND-RB-012,Frantic Searching,Rea [Graveyard Matters],Uncommon,"Utility, Self-Target",Basic,0,1,,"Omen. Draw 1, then discard 1.",,,,
FND-RB-013,Burden of Knowledge,Rea [Graveyard Matters],Uncommon,"Utility, Self-Target",Basic,1,0,,"Draw 2 cards,. Then, take (5% Max HP) damage.",,,,
FND-RB-014,Generational Trauma,Rea [Graveyard Matters],Uncommon,Attack,Basic,2,0,,Play this card only if an Attack has been placed into your graveyard this turn. Deal (120% ATK) damage.,,,,
FND-RB-015,The Crawler,Rea [Graveyard Matters],Uncommon,Attack,Basic,1,-1,,"Deal (15% ATK) damage. Gain 1 MP.. When this card is placed into the graveyard, shuffle it into the top 10 cards of your deck instead. ",,,,
FND-RB-016,The Clutcher,Rea [Graveyard Matters],Uncommon,"Defence, Self-Target",Basic,1,0,,"Gain (15% DEF) block. Gain 1 MP.. When this card is placed into the graveyard, shuffle it into the top 10 cards of your deck instead. ",,,,
FND-RB-017,Dripping Death,Rea [Graveyard Matters],Uncommon,Utility,Basic,1,0,,Omen. Inflictt Poison 3.,,,,
FND-RB-018,Due Diligence,Rea [Graveyard Matters],Uncommon,"Defence, Self-Target",Basic,3,1,,"Omen. Gain (100% DEF) block if the opponent Attacks this action, if they do, gain 1 MP.",,,,
FND-RB-019,The Cleansing,Rea [Graveyard Matters],Uncommon,"Utility, Self-Target",Basic,2,0,,Omen. Remove a random negative status from your active fae.,,,,
FND-RB-020,Warnings of Hardship,Rea [Graveyard Matters],Rare,"Utility, Self-Target",Basic,2,0,,Omen. Gain 1 MP.,,,,
FND-RB-021,The Returner's Blade,Rea [Graveyard Matters],Rare,Attack,Basic,2,0,,"Deal (75% ATK) damage. If this card is placed into your graveyard, put it in your hand instead.",,,,
FND-RB-022,Raven Sighting,Rea [Graveyard Matters],Rare,"Utility, Self-Target",Basic,0,0,,"Omen. Search your deck for any card, then put it into the graveyard.",,,,
FND-RB-023,Fear of Missing Out,Rea [Graveyard Matters],Rare,Utility,Basic,3,,,"Omen. Gain 1 MP. Whenever an opponent fae switches in this turn, they take (10% Opponent Max HP) damage. ",,,,
FND-RB-024,Summoning Circle,Rea [Graveyard Matters],Rare,"Utility, Self-Target",Basic,0,0,,"To play, discard 3 cards. Search your deck for any card and put it in your hand.",,,,
FND-RB-025,Toll the Bells,Rea [Graveyard Matters],Epic,"Utility, Self-Target",Basic,0,0,,Trigger all Omen cards in the graveyard.,,,,
FND-RB-026,Spooky Stories,Rea [Graveyard Matters],Epic,Utility,,1,0,,"Omen. Inflict Fear 10, your faes can no longer play any more cards this turn.",,,,
FND-RB-027,Eternal Guardians,Rea [Graveyard Matters],Epic,Defence,Basic,3,1,,"Gain (100% DEF) block. At the beginning of the turn, if this card is in the graveyard, gain (10% DEF) block.",,,,
FND-RB-028,Urn,Rea [Graveyard Matters],Legendary,Utility,Basic,1,0,,"Gain (5% HP) block. If this card is in the graveyard, cards can no longer be exiled.",,,,
FND-RB-001,Toll the Bells,Rea [Omens],Epic,Utility,Basic,0,,,Trigger all Omen cards in the graveyard.,Official,Yes,,
FND-RB-002,Panicked Streets,Rea [Omens],Epic,"Utility, Self-Target",Basic,5,,,Omen. Both players swap to a random Fae.,Official,Yes,,
FND-RB-003,Raven Sighting,Rea [Omens],Epic,Utility,Basic,3,,,Omen. Put a random Omen card from your deck into the graveyard.,Official,Yes,,
FND-RB-004,Distant Screams,Rea [Omens],Common,Offensive,Basic,2,,,Omen. Deal (1% HP) direct damage.,Official,Updated,,
FND-RB-005,Dripping Death,Rea [Omens],Uncommon,Utility,Basic,2,,,Omen. Inflict Poison 1.,Official,Yes,,
FND-RB-006,Rea's Call,Rea [Omens],Epic,Offensive,Basic,3,,,Omen. Opponent Faes with 5% HP or less are executed.,Official,Updated,,
FND-RB-007,Hunter's Call,Rea [Omens],Uncommon,Offensive,Basic,2,,,Omen. 10% Attack.,Official,Yes,,
FND-RB-008,Relentless Thoughts,Rea [Omens],Epic,Utility,Basic,4,,,Omen. Opposing Fae discards a card.,Official,Updated,,
FND-RB-009,Due Diligence,Rea [Omens],Uncommon,Defensive,Basic,2,,,Omen. 10% Block.,Official,Updated,,
FND-RB-010,Mourning Widow,Rea [Omens],Uncommon,Defensive,Basic,2,,,Omen. Gain Veil (5% HP).,Official,Updated,,
FND-RB-011,Confession,Rea [Omens],Rare,Utility,Basic,3,,,Omen. Gain Regen 1.,Official,Updated,,
FND-RB-012,Blessing in Disguise,Rea [Omens],Rare,Defensive,Basic,2,,,"As an additional cost to play this card, shuffle an Omen card from the graveyard back into it's respective Fae's deck. Gain Veil (30% HP).",Official,Updated,,
FND-RB-013,Severance,Rea [Omens],Epic,Utility,Basic,1,,,"Switch out the opposing fae, they create a gold token.",Official,Updated,,
FND-RB-014,Invest,Rea [Omens],Rare,Utility,Basic,2,,,Omen. Shuffle a gold token in your deck.,Official,Updated,,
FND-RB-015,The Hood,Rea [Omens],Rare,Utility,Basic,3,,,Omen. Strongarm.,Official,Updated,,
FND-RB-016,Burden of Knowledge,Rea [Omens],Rare,Utility,Basic,3,,,Omen. Take (3% HP) damage. Gain Knowledge 1. ,Official,Updated,,
FND-RB-017,Fear of Inaction,Rea [Omens],Epic,Utility,Basic,3,,,"Omen. Whenever a Fae becomes Tagged this turn, inflict Poison 5.",Official,Updated,,
FND-RB-018,Fear of Missing Out,Rea [Omens],Epic,Utility,Basic,3,,,"Omen. Whenever a Fae becomes Tagged this round, they lose 10% of their max hp.",Official,Updated,,
FND-RB-019,Ignore the Signs,Rea [Omens],Epic,Utility,Basic,2,,,Omen. Mill 1.,Official,Updated,,
FND-RU-001,Dodge Roll,Rea [Omens],Uncommon,Defensive,Rev,1,,,"As an additional cost to play this card, shuffle an Omen card from the graveyard back into it's respective Fae's deck. Prevent the next instance of damage taken this turn.",Official,Updated,,
FND-RU-002,Revenant Fury,Rea [Omens],Uncommon,Offensive,Rev,5,,,Omen. (25% per Omen card in graveyard) Attack.,Official,Yes,,
FND-RU-003,Prep Time,Rea [Omens],Uncommon,Utility,Rev,3,,,"If you've taken no damage this turn, gain Knowledge 3 and 3 mp.",Official,Updated,,
FND-RU-004,Skull Bash,Rea [Omens],Uncommon,Offensive,Rev,2,,,"If you've taken no damage this turn, gain 2 mp. 105% Attack.",Official,Updated,,
FND-RU-005,Headshot?,Rea [Omens],Uncommon,Utility,Rev,0,,,"If the opponent fae plays a card with Attack > 100%, nullify it. ",Official,Updated,,
FND-RU-006,Mist Step,Rea [Omens],Rare,Defensive,Rev,1,,,"Lose 25% of your max HP. Swap to another Fae, they 80% Defend. Gain 1 mp.",Official,Updated,,
FND-RU-007,Jumpscare,Rea [Omens],Rare,Offensive,Rev,1,,,"If Tagged and your opponent plays an offensive card this turn, give this card Omen for the rest of the game. 25% Attack. Strongarm.",Official,Updated,,
FND-RU-008,Skull Breath,Rea [Omens],Rare,Utility,Rev,1,,,"Store all negative effects applied to Rev or it's team this turn. If Rev has not swapped out by the start of the next turn, apply them to the opponent instead. Otherwise, apply them to yourself.",Official,Updated,,
FND-RU-009,Dislocated,Rea [Omens],Epic,Defensive,Rev,6,,,Omen. Prevent the next instance of damage taken.,Official,Updated,,
FND-RU-010,Perfect Parry,Rea [Omens],Epic,Defensive,Rev,1,,,"If the opposing Fae plays a card targeting Smol or it's team this turn, that card is played targeting the opposing Fae or their team instead. If this effect triggers, gain 1 mp.",Official,Yes,,
,Beckon Call,Secs [?],,Offensive,Guard,,,,"Play a Suspended card, then discard all Suspended cards.",,No,,
,Reminisce,Secs [?],,Utility,Guard,2,,,Mill 2 and Suspend 2 from your graveyard.,,No,,
,Exhaust,Secs [?],,Offensive,Point,2,,,Mill 3. 65% Attack.,,No,,
,Ponder,Secs [?],,Defensive,Point,2,,,All players Mill 2. 15% Defend.,,No,,
,Ruminate,Secs [?],,Utility,Point,1,,,Suspend 3 until the end of next round.,,No,,
,Recollect,Secs [?],,Utility,Forward,1,,,Heal for (25% + 2% per card in graveyard) Defense.,,No,,
,Rest,Secs [?],,Defensive,Guard,3,,,Mill 2 and discard all Suspended cards. Heal all allies for (25% + 2% per card in graveyard) Defense.,,No,,
,Sleepyhead,Secs [?],,Offensive,Forward,2,,,(50% + 4% per card in graveyard) Attack.,,No,,
,Wandering Mind,Secs [?],,Defensive,Forward,1,,,Draw 1 Suspended card. It costs 0 this round.,,No,,
,,,,,,,,,,,,,
,,,,,,,,,,,,,
,,,,,,,,,,New Idea,No,,